Material Name,Material Type,Tensile Strength (MPa),Compressive Strength (MPa),Elastic Modulus (GPa),Toughness (MJ/m³),Hardness (Shore D),Fatigue Resistance (Cycles),Density (g/cm³),Thermal Conductivity (W/mK),Electrical Conductivity (S/m),Corrosion Resistance (1–10),Formability/Malleability (1–10),Scalability (1–10),Cost ($/kg),Availability,Energy Efficiency (1–10),Biodegradability (%),Description,Notes,Representative_SMILES,Structure_Type,Molecular_Notes,Increase_Temp_1w_%Retention,Increase_Temp_1m_%Retention,Increase_Temp_1y_%Retention,Increase_Temp_10y_%Retention,Decrease_Temp_1w_%Retention,Decrease_Temp_1m_%Retention,Decrease_Temp_1y_%Retention,Decrease_Temp_10y_%Retention,Increase_Pressure_1w_%Retention,Increase_Pressure_1m_%Retention,Increase_Pressure_1y_%Retention,Increase_Pressure_10y_%Retention,Decrease_Pressure_1w_%Retention,Decrease_Pressure_1m_%Retention,Decrease_Pressure_1y_%Retention,Decrease_Pressure_10y_%Retention,Increase_Humidity_1w_%Retention,Increase_Humidity_1m_%Retention,Increase_Humidity_1y_%Retention,Increase_Humidity_10y_%Retention,Decrease_Humidity_1w_%Retention,Decrease_Humidity_1m_%Retention,Decrease_Humidity_1y_%Retention,Decrease_Humidity_10y_%Retention,Increase_UV_1w_%Retention,Increase_UV_1m_%Retention,Increase_UV_1y_%Retention,Increase_UV_10y_%Retention,Decrease_UV_1w_%Retention,Decrease_UV_1m_%Retention,Decrease_UV_1y_%Retention,Decrease_UV_10y_%Retention
Polylactic Acid (PLA),Polymer,58.25,28.25,6.61,11.4,76.97,12756,1.17,0.07,6.951e-05,7.43,4.5,8.71,0.72,High,6.94,65.48,A biodegradable thermoplastic made from corn starch or sugarcane.,"Ideal for 3D printing, packaging, and disposable cutlery.",CC(C(=O)O)O,monomer/repeat/fragment,Lactic acid monomer (use repeat ester linkage for polymer).,99.7,98.8,88.0,55.0,100.0,99.97,99.7,98.0,99.95,99.7,97.0,86.0,100.0,99.97,99.7,98.0,99.5,98.0,80.0,36.0,99.98,99.92,99.1,94.9,99.7,98.7,86.0,50.0,99.97,99.89,98.6,92.0
Polyhydroxyalkanoate (PHA),Polymer,75.03,95.35,7.24,1.5,33.73,82823,1.07,0.09,1.892e-05,7.68,6.75,5.74,8.73,High,5.89,75.07,A biopolymer produced by bacterial fermentation of sugars and lipids.,"Used for medical implants, packaging films, and agriculture mulch.",CC(C(=O)O)O,monomer/repeat/fragment,3-hydroxybutyrate-like monomer; representative repeat unit.,99.7,98.8,88.0,55.0,100.0,99.97,99.7,98.0,99.95,99.7,97.0,86.0,100.0,99.97,99.7,98.0,99.5,98.0,80.0,36.0,99.98,99.92,99.1,94.9,99.7,98.7,86.0,50.0,99.97,99.89,98.6,92.0
Polycaprolactone (PCL),Polymer,83.01,95.12,0.87,3.22,43.34,92457,1.46,0.22,3.29e-05,6.5,9.79,8.45,8.53,Low,6.6,79.91,A biodegradable polyester with low melting point and flexibility.,Used in drug delivery systems and biomedical applications.,O=C1CCCCCO1,monomer/repeat/fragment,ε-Caprolactone lactone ring (polymerizes to polyester).,99.7,98.8,88.0,55.0,100.0,99.97,99.7,98.0,99.95,99.7,97.0,86.0,100.0,99.97,99.7,98.0,99.5,98.0,80.0,36.0,99.98,99.92,99.1,94.9,99.7,98.7,86.0,50.0,99.97,99.89,98.6,92.0
Starch-based Bioplastic,Polymer,84.98,80.32,8.17,31.51,61.44,9454,0.91,0.06,8.348e-05,8.98,7.39,5.64,3.24,Low,8.34,87.62,"Derived from corn, potato, or cassava starch.",Great for compostable packaging and disposable food containers.,C(C1C(C(C(C(O1)O)O)O)O)O,monomer/repeat/fragment,Glucose (amylose repeat unit) — representative fragment.,99.7,98.8,88.0,55.0,100.0,99.97,99.7,98.0,99.95,99.7,97.0,86.0,100.0,99.97,99.7,98.0,99.5,98.0,80.0,36.0,99.98,99.92,99.1,94.9,99.7,98.7,86.0,50.0,99.97,99.89,98.6,92.0
Cellulose Acetate,Polymer,51.05,197.89,8.02,32.47,27.8,8978,1.45,0.11,1.321e-05,7.96,8.18,4.19,8.52,Medium,8.43,67.4,A plant-derived thermoplastic from cellulose and acetic acid.,"Used in eyeglass frames, filters, and films.",CC(=O)OC1C(C(C(C(O1)O)O)O)O,monomer/repeat/fragment,Acetylated glucose monomer (representative).,99.7,98.8,88.0,55.0,100.0,99.97,99.7,98.0,99.95,99.7,97.0,86.0,100.0,99.97,99.7,98.0,99.5,98.0,80.0,36.0,99.98,99.92,99.1,94.9,99.7,98.7,86.0,50.0,99.97,99.89,98.6,92.0
Chitosan,Polymer,76.07,189.87,4.06,25.21,68.87,10260,1.03,0.34,4.206e-05,5.74,9.3,5.32,7.31,High,8.3,74.19,Derived from chitin found in shellfish shells.,"Used for water purification, wound dressings, and coatings.",C1C(C(C(O1)N)O)O,monomer/repeat/fragment,D-glucosamine-like unit (deacetylated chitin).,99.7,98.8,88.0,55.0,100.0,99.97,99.7,98.0,99.95,99.7,97.0,86.0,100.0,99.97,99.7,98.0,99.5,98.0,80.0,36.0,99.98,99.92,99.1,94.9,99.7,98.7,86.0,50.0,99.97,99.89,98.6,92.0
Soy Protein Polymer,Polymer,70.85,94.88,4.34,21.3,78.18,55455,1.16,0.14,1.83e-05,9.16,5.07,6.24,8.4,Low,6.36,61.28,Protein-based biodegradable plastic from soybeans.,Suitable for films and adhesives.,NCC(=O)NC(C(C)C)C(=O)O,monomer/repeat/fragment,Representative peptide fragment (protein polymer).,99.7,98.8,88.0,55.0,100.0,99.97,99.7,98.0,99.95,99.7,97.0,86.0,100.0,99.97,99.7,98.0,99.5,98.0,80.0,36.0,99.98,99.92,99.1,94.9,99.7,98.7,86.0,50.0,99.97,99.89,98.6,92.0
Casein Plastic,Polymer,23.96,160.81,3.34,42.04,79.84,60409,0.74,0.3,2.332e-05,6.83,4.32,8.1,3.94,High,8.57,67.29,Milk protein-based thermoplastic.,"Historically used in buttons, jewelry, and sustainable crafts.",NCC(=O)NC(C(=O)O)C,monomer/repeat/fragment,Representative small peptide fragment from casein proteins.,99.7,98.8,88.0,55.0,100.0,99.97,99.7,98.0,99.95,99.7,97.0,86.0,100.0,99.97,99.7,98.0,99.5,98.0,80.0,36.0,99.98,99.92,99.1,94.9,99.7,98.7,86.0,50.0,99.97,99.89,98.6,92.0
Gelatin Biopolymer,Polymer,48.44,66.74,1.09,3.92,29.07,29612,0.46,0.39,7.23e-06,7.52,6.65,6.6,0.86,High,9.7,77.05,Derived from collagen found in animal tissues.,"Used in capsules, coatings, and edible films.",NCC(=O)C(C(=O)O)N,monomer/repeat/fragment,Short peptide motif representing gelatin (collagen-derived).,99.7,98.8,88.0,55.0,100.0,99.97,99.7,98.0,99.95,99.7,97.0,86.0,100.0,99.97,99.7,98.0,99.5,98.0,80.0,36.0,99.98,99.92,99.1,94.9,99.7,98.7,86.0,50.0,99.97,99.89,98.6,92.0
Algae-based Polymer,Polymer,34.67,29.88,5.32,32.4,31.06,81879,1.3,0.09,3.084e-05,6.77,4.35,6.45,5.5,High,5.67,94.02,Made from seaweed biomass with renewable sourcing.,"Used in films, packaging, and biodegradable plastics.",O=C(O)CCO,monomer/repeat/fragment,Representative small polyol/acid fragment from alginate-like polymers.,99.7,98.8,88.0,55.0,100.0,99.97,99.7,98.0,99.95,99.7,97.0,86.0,100.0,99.97,99.7,98.0,99.5,98.0,80.0,36.0,99.98,99.92,99.1,94.9,99.7,98.7,86.0,50.0,99.97,99.89,98.6,92.0
Bamboo Fiber Composite,Composite,75.45,179.58,5.34,13.94,21.85,4006,0.48,0.05,3.388e-05,5.81,8.49,7.05,7.91,Medium,6.8,64.62,Composite made from bamboo fibers and bio-resin.,Strong and lightweight — ideal for panels and furniture.,C(C1C(C(C(C(O1)O)O)O)O)O,monomer/repeat/fragment,Cellulose fragment (bamboo structural cellulose).,99.85,99.1,92.5,70.0,100.0,99.98,99.85,98.5,99.97,99.6,98.5,91.0,100.0,99.98,99.85,98.5,99.6,98.7,89.0,60.0,99.99,99.95,99.4,96.0,99.8,99.1,91.0,66.0,100.0,99.9,99.2,95.5
Hemp Fiber Composite,Composite,19.87,142.67,7.2,45.43,72.53,41002,0.22,0.32,3.448e-05,9.28,5.04,3.93,1.71,Low,7.99,93.33,Sustainable composite reinforced with hemp fibers.,"Used in automotive parts, construction, and textiles.",C(C1C(C(C(C(O1)O)O)O)O)O,monomer/repeat/fragment,Cellulose-rich fragment representing hemp fibers.,99.85,99.1,92.5,70.0,100.0,99.98,99.85,98.5,99.97,99.6,98.5,91.0,100.0,99.98,99.85,98.5,99.6,98.7,89.0,60.0,99.99,99.95,99.4,96.0,99.8,99.1,91.0,66.0,100.0,99.9,99.2,95.5
Flax Fiber Reinforced Plastic,Composite,51.01,156.05,7.26,48.36,31.86,33100,0.59,0.2,1.074e-05,5.24,7.91,9.59,3.64,Low,7.77,78.95,Composite material with flax fibers and biodegradable resin.,"Used in sports goods, vehicles, and building panels.",C(C1C(C(C(C(O1)O)O)O)O)O,monomer/repeat/fragment,Cellulose fragment (flax fibers).,99.85,99.1,92.5,70.0,100.0,99.98,99.85,98.5,99.97,99.6,98.5,91.0,100.0,99.98,99.85,98.5,99.6,98.7,89.0,60.0,99.99,99.95,99.4,96.0,99.8,99.1,91.0,66.0,100.0,99.9,99.2,95.5
Jute Fiber Composite,Composite,36.23,66.62,6.92,42.2,21.05,30136,0.65,0.11,4.8e-05,5.6,9.06,9.58,8.88,High,6.5,67.55,Plant-based fiber composite offering strength and biodegradability.,Used in packaging and furniture.,C(C1C(C(C(C(O1)O)O)O)O)O,monomer/repeat/fragment,Cellulose fragment representing jute fiber.,99.85,99.1,92.5,70.0,100.0,99.98,99.85,98.5,99.97,99.6,98.5,91.0,100.0,99.98,99.85,98.5,99.6,98.7,89.0,60.0,99.99,99.95,99.4,96.0,99.8,99.1,91.0,66.0,100.0,99.9,99.2,95.5
Banana Fiber Composite,Composite,47.29,93.32,9.75,37.41,76.47,61614,0.55,0.16,3.65e-06,8.84,7.41,8.78,7.53,Low,8.19,86.35,Made from banana stem fibers with natural resins.,Used in biodegradable packaging and automotive panels.,C(C1C(C(C(C(O1)O)O)O)O)O,monomer/repeat/fragment,Cellulose fragment from banana pseudostem fibers.,99.85,99.1,92.5,70.0,100.0,99.98,99.85,98.5,99.97,99.6,98.5,91.0,100.0,99.98,99.85,98.5,99.6,98.7,89.0,60.0,99.99,99.95,99.4,96.0,99.8,99.1,91.0,66.0,100.0,99.9,99.2,95.5
Coir (Coconut Fiber) Composite,Composite,66.14,144.46,9.25,45.01,63.58,60045,0.81,0.21,8.128e-05,5.63,5.36,8.67,8.69,Medium,9.37,76.35,Coconut husk fiber reinforced with biodegradable resin.,"Excellent for mats, ropes, and lightweight boards.",C(C1C(C(C(C(O1)O)O)O)O)O,monomer/repeat/fragment,Cellulose/lignin fragment representing coir fibers.,99.85,99.1,92.5,70.0,100.0,99.98,99.85,98.5,99.97,99.6,98.5,91.0,100.0,99.98,99.85,98.5,99.6,98.7,89.0,60.0,99.99,99.95,99.4,96.0,99.8,99.1,91.0,66.0,100.0,99.9,99.2,95.5
Kenaf Fiber Composite,Composite,17.55,20.02,9.5,42.99,34.02,81357,0.61,0.08,7.085e-05,6.88,5.5,6.34,7.91,Medium,8.48,92.99,High-tensile plant fiber used in composites.,Used for biodegradable automotive panels and packaging.,C(C1C(C(C(C(O1)O)O)O)O)O,monomer/repeat/fragment,Cellulose fragment representing kenaf fibers.,99.85,99.1,92.5,70.0,100.0,99.98,99.85,98.5,99.97,99.6,98.5,91.0,100.0,99.98,99.85,98.5,99.6,98.7,89.0,60.0,99.99,99.95,99.4,96.0,99.8,99.1,91.0,66.0,100.0,99.9,99.2,95.5
Rice Husk Composite,Composite,99.79,187.43,7.78,30.5,78.03,33064,0.68,0.23,5.27e-05,6.07,8.85,3.22,6.62,Low,6.49,75.95,Agricultural waste composite with bio-resins.,Used for eco-friendly furniture and construction boards.,O=S(=O)(O)O,monomer/repeat/fragment,Representative silica/silicate-like fragment (rice husk high silica).,99.85,99.1,92.5,70.0,100.0,99.98,99.85,98.5,99.97,99.6,98.5,91.0,100.0,99.98,99.85,98.5,99.6,98.7,89.0,60.0,99.99,99.95,99.4,96.0,99.8,99.1,91.0,66.0,100.0,99.9,99.2,95.5
Bagasse Fiber Composite,Composite,28.33,169.13,9.03,23.68,21.49,56015,0.72,0.15,6.89e-06,6.51,6.68,3.77,2.15,Low,9.23,72.94,Byproduct of sugarcane with good strength-to-weight ratio.,"Used for plates, packaging, and insulation panels.",C(C1C(C(C(C(O1)O)O)O)O)O,monomer/repeat/fragment,Cellulose fragment from sugarcane bagasse.,99.85,99.1,92.5,70.0,100.0,99.98,99.85,98.5,99.97,99.6,98.5,91.0,100.0,99.98,99.85,98.5,99.6,98.7,89.0,60.0,99.99,99.95,99.4,96.0,99.8,99.1,91.0,66.0,100.0,99.9,99.2,95.5
Palm Fiber Composite,Composite,18.64,107.99,1.0,26.27,52.31,72981,0.72,0.24,1.63e-05,6.42,9.7,3.37,7.86,High,5.66,65.56,Palm waste fiber mixed with biodegradable binders.,Used for molded packaging and furniture.,C(C1C(C(C(C(O1)O)O)O)O)O,monomer/repeat/fragment,Cellulose fragment representing palm fibers.,99.85,99.1,92.5,70.0,100.0,99.98,99.85,98.5,99.97,99.6,98.5,91.0,100.0,99.98,99.85,98.5,99.6,98.7,89.0,60.0,99.99,99.95,99.4,96.0,99.8,99.1,91.0,66.0,100.0,99.9,99.2,95.5
Cork,Natural Material,38.45,104.52,2.51,2.64,89.24,33893,1.36,0.31,3.54e-05,6.63,8.12,4.36,2.33,High,7.19,99.05,Harvested from the bark of cork oak trees.,Lightweight and elastic — used for insulation and flooring.,CC1=CC(=O)OC(C)=C1O,monomer/repeat/fragment,Representative suberin-like phenolic fragment (cork is rich in suberin).,99.8,99.2,92.0,70.0,100.0,99.99,99.9,99.0,99.97,99.4,98.0,90.0,100.0,99.99,99.9,99.0,99.3,97.5,75.0,32.0,99.99,99.95,99.4,96.0,99.6,98.3,84.0,45.0,100.0,99.9,99.3,95.0
Wood (Balsa),Natural Material,51.51,85.95,6.74,10.61,27.84,94688,0.44,0.25,9.79e-05,7.81,7.2,8.43,5.08,High,9.9,91.02,"Soft, lightweight wood from the balsa tree.","Used in model structures, insulation, and composites.",C(C1C(C(C(C(O1)O)O)O)O)O,monomer/repeat/fragment,Cellulose + hemicellulose fragment representing wood.,99.8,99.2,92.0,70.0,100.0,99.99,99.9,99.0,99.97,99.4,98.0,90.0,100.0,99.99,99.9,99.0,99.3,97.5,75.0,32.0,99.99,99.95,99.4,96.0,99.6,98.3,84.0,45.0,100.0,99.9,99.3,95.0
Bamboo,Natural Material,26.27,28.6,4.46,8.56,39.86,6518,1.03,0.06,5.415e-05,6.35,6.87,3.46,6.6,Low,8.31,64.07,Fast-growing renewable grass material.,"Used in construction, flooring, and utensils.",C(C1C(C(C(C(O1)O)O)O)O)O,monomer/repeat/fragment,Cellulose fragment (bamboo structural unit).,99.8,99.2,92.0,70.0,100.0,99.99,99.9,99.0,99.97,99.4,98.0,90.0,100.0,99.99,99.9,99.0,99.3,97.5,75.0,32.0,99.99,99.95,99.4,96.0,99.6,98.3,84.0,45.0,100.0,99.9,99.3,95.0
Hemp,Natural Material,49.38,25.91,3.23,34.18,35.68,31179,1.15,0.17,9.002e-05,8.29,8.17,3.2,2.54,High,8.37,94.8,Natural bast fiber known for strength and flexibility.,"Used in textiles, ropes, and biocomposites.",C(C1C(C(C(C(O1)O)O)O)O)O,monomer/repeat/fragment,Cellulose fragment for hemp fiber.,99.8,99.2,92.0,70.0,100.0,99.99,99.9,99.0,99.97,99.4,98.0,90.0,100.0,99.99,99.9,99.0,99.3,97.5,75.0,32.0,99.99,99.95,99.4,96.0,99.6,98.3,84.0,45.0,100.0,99.9,99.3,95.0
Cotton,Natural Material,29.31,134.03,4.23,25.68,40.6,50810,0.38,0.14,2.888e-05,5.95,4.05,3.37,6.14,Low,9.08,85.12,Soft natural fiber from cotton plant.,"Used for textiles, paper, and bioplastics.",C(C1C(C(C(C(O1)O)O)O)O)O,monomer/repeat/fragment,Cellulose fragment representing cotton (cellulose-rich).,99.8,99.2,92.0,70.0,100.0,99.99,99.9,99.0,99.97,99.4,98.0,90.0,100.0,99.99,99.9,99.0,99.3,97.5,75.0,32.0,99.99,99.95,99.4,96.0,99.6,98.3,84.0,45.0,100.0,99.9,99.3,95.0
Silk,Natural Material,66.59,93.66,9.67,1.97,68.34,33854,1.14,0.35,5.889e-05,5.13,6.61,5.27,4.52,Medium,5.39,86.57,Natural protein fiber from silkworms.,"Used for medical sutures, textiles, and films.",N[C@@H](CC1=CC=CC=C1)C(=O)O,monomer/repeat/fragment,Representative aromatic-containing peptide fragment for silk fibroin.,99.8,99.2,92.0,70.0,100.0,99.99,99.9,99.0,99.97,99.4,98.0,90.0,100.0,99.99,99.9,99.0,99.3,97.5,75.0,32.0,99.99,99.95,99.4,96.0,99.6,98.3,84.0,45.0,100.0,99.9,99.3,95.0
Wool,Natural Material,56.05,72.96,1.14,37.42,41.8,56935,0.99,0.2,6.466e-05,6.7,5.75,9.89,3.05,Medium,7.05,67.38,Protein fiber from sheep or alpacas.,"Used in insulation, textiles, and composites.",N[C@@H](CS)C(=O)O,monomer/repeat/fragment,Representative cysteine-containing peptide fragment for wool keratin.,99.8,99.2,92.0,70.0,100.0,99.99,99.9,99.0,99.97,99.4,98.0,90.0,100.0,99.99,99.9,99.0,99.3,97.5,75.0,32.0,99.99,99.95,99.4,96.0,99.6,98.3,84.0,45.0,100.0,99.9,99.3,95.0
Linen,Natural Material,96.72,90.29,6.82,48.75,29.58,36791,0.98,0.32,3.824e-05,6.29,6.77,8.87,7.62,Medium,5.32,76.44,Flax-based textile fiber.,Used in high-quality textiles and composites.,C(C1C(C(C(C(O1)O)O)O)O)O,monomer/repeat/fragment,Flax-derived cellulose fragment (linen).,99.8,99.2,92.0,70.0,100.0,99.99,99.9,99.0,99.97,99.4,98.0,90.0,100.0,99.99,99.9,99.0,99.3,97.5,75.0,32.0,99.99,99.95,99.4,96.0,99.6,98.3,84.0,45.0,100.0,99.9,99.3,95.0
Jute,Natural Material,49.42,188.35,1.65,34.82,85.97,40022,0.46,0.21,6.88e-05,5.92,4.13,6.28,7.58,Medium,9.62,99.09,Strong natural fiber from jute plants.,"Used for bags, ropes, and bio-composites.",C(C1C(C(C(C(O1)O)O)O)O)O,monomer/repeat/fragment,Cellulose fragment representing jute.,99.8,99.2,92.0,70.0,100.0,99.99,99.9,99.0,99.97,99.4,98.0,90.0,100.0,99.99,99.9,99.0,99.3,97.5,75.0,32.0,99.99,99.95,99.4,96.0,99.6,98.3,84.0,45.0,100.0,99.9,99.3,95.0
Ramie,Natural Material,48.08,199.97,8.65,41.17,53.86,13201,1.36,0.15,6.04e-05,6.38,9.53,9.99,6.47,High,6.31,87.14,Fiber from Chinese nettle plant.,Used for textiles and high-strength composites.,C(C1C(C(C(C(O1)O)O)O)O)O,monomer/repeat/fragment,Cellulose fragment from ramie fiber.,99.8,99.2,92.0,70.0,100.0,99.99,99.9,99.0,99.97,99.4,98.0,90.0,100.0,99.99,99.9,99.0,99.3,97.5,75.0,32.0,99.99,99.95,99.4,96.0,99.6,98.3,84.0,45.0,100.0,99.9,99.3,95.0
Mycelium,Bio-derived Material,98.48,127.77,6.7,40.28,21.86,37607,0.38,0.38,2.101e-05,5.41,5.59,8.75,3.25,High,9.95,72.57,Root-like fungal network grown into shapes.,Used for biodegradable packaging and building materials.,C1=CC(=CC=C1)C(=O)O,monomer/repeat/fragment,Representative aromatic acid fragment (fungal aromatic metabolites + chitin/protein mix).,99.75,98.9,89.0,58.0,100.0,99.98,99.8,98.5,99.95,99.5,97.8,85.0,100.0,99.98,99.8,98.5,99.4,97.8,78.0,35.0,99.99,99.94,99.2,95.0,99.65,98.6,86.0,51.0,100.0,99.9,99.0,95.0
Bacterial Cellulose,Bio-derived Material,32.04,123.74,9.51,19.74,24.16,20329,1.48,0.35,6.479e-05,8.09,6.7,4.49,5.28,Medium,7.3,68.58,Produced by bacteria with high purity and strength.,"Used for wound dressings, electronics, and composites.",C(C1C(C(C(C(O1)O)O)O)O)O,monomer/repeat/fragment,High-purity cellulose monomer fragment produced by bacteria.,99.75,98.9,89.0,58.0,100.0,99.98,99.8,98.5,99.95,99.5,97.8,85.0,100.0,99.98,99.8,98.5,99.4,97.8,78.0,35.0,99.99,99.94,99.2,95.0,99.65,98.6,86.0,51.0,100.0,99.9,99.0,95.0
Alginate,Bio-derived Material,31.44,30.84,6.12,10.86,33.34,74276,0.93,0.36,7.565e-05,8.7,8.16,7.36,5.72,Medium,5.44,82.99,Extracted from brown seaweed.,"Used in food coatings, bioplastics, and wound care.",O=C(O)C(O)CC(=O)O,monomer/repeat/fragment,Representative alginic acid fragment (uronic acid dimer-like).,99.75,98.9,89.0,58.0,100.0,99.98,99.8,98.5,99.95,99.5,97.8,85.0,100.0,99.98,99.8,98.5,99.4,97.8,78.0,35.0,99.99,99.94,99.2,95.0,99.65,98.6,86.0,51.0,100.0,99.9,99.0,95.0
Collagen,Bio-derived Material,63.08,153.01,9.37,18.75,46.77,48660,1.33,0.29,5.826e-05,9.57,7.41,9.02,8.12,High,7.44,95.08,Natural structural protein from connective tissue.,Used in biomedical scaffolds and films.,N[C@@H](C(=O)O)C(=O)O,monomer/repeat/fragment,Glycine-proline motif representative; collagen is long peptide.,99.75,98.9,89.0,58.0,100.0,99.98,99.8,98.5,99.95,99.5,97.8,85.0,100.0,99.98,99.8,98.5,99.4,97.8,78.0,35.0,99.99,99.94,99.2,95.0,99.65,98.6,86.0,51.0,100.0,99.9,99.0,95.0
Keratin,Bio-derived Material,99.84,143.93,7.97,27.2,86.92,86438,0.41,0.07,7.081e-05,7.43,8.09,6.57,4.89,Medium,9.51,76.97,"Protein from hair, wool, and feathers.","Used for bioplastics, films, and fertilizers.",N[C@@H](CCS)C(=O)O,monomer/repeat/fragment,Representative cysteine-containing amino acid fragment (keratin).,99.75,98.9,89.0,58.0,100.0,99.98,99.8,98.5,99.95,99.5,97.8,85.0,100.0,99.98,99.8,98.5,99.4,97.8,78.0,35.0,99.99,99.94,99.2,95.0,99.65,98.6,86.0,51.0,100.0,99.9,99.0,95.0
Pectin,Bio-derived Material,54.38,94.37,6.43,29.27,21.6,42390,0.37,0.38,6.725e-05,8.43,6.39,9.42,9.31,Low,8.55,95.82,Polysaccharide from fruit peels.,Used for edible films and biodegradable coatings.,OC(=O)C(OC1C(C(C(CO)O)O)O)CO,monomer/repeat/fragment,Representative methyl-esterified galacturonic acid fragment.,99.75,98.9,89.0,58.0,100.0,99.98,99.8,98.5,99.95,99.5,97.8,85.0,100.0,99.98,99.8,98.5,99.4,97.8,78.0,35.0,99.99,99.94,99.2,95.0,99.65,98.6,86.0,51.0,100.0,99.9,99.0,95.0
Lignin-based Plastic,Bio-derived Material,35.74,160.92,4.86,8.56,34.75,66507,0.84,0.35,1.906e-05,6.83,6.92,9.34,7.87,Low,9.95,83.65,"Derived from lignin, a byproduct of paper industry.","Used for adhesives, coatings, and composites.",COc1cc(ccc1O)C(C)O,monomer/repeat/fragment,Guaiacyl-type lignin fragment as representative aromatic unit.,99.75,98.9,89.0,58.0,100.0,99.98,99.8,98.5,99.95,99.5,97.8,85.0,100.0,99.98,99.8,98.5,99.4,97.8,78.0,35.0,99.99,99.94,99.2,95.0,99.65,98.6,86.0,51.0,100.0,99.9,99.0,95.0
Corn Husk Fiber,Bio-derived Material,56.27,114.48,7.04,20.46,32.01,95755,1.49,0.24,6.629e-05,6.43,4.44,6.19,0.8,High,9.34,79.12,Fiber extracted from corn husks.,Used for reinforced bioplastics and biodegradable fabrics.,C(C1C(C(C(C(O1)O)O)O)O)O,monomer/repeat/fragment,Cellulose/hemicellulose fragment from corn husk.,99.75,98.9,89.0,58.0,100.0,99.98,99.8,98.5,99.95,99.5,97.8,85.0,100.0,99.98,99.8,98.5,99.4,97.8,78.0,35.0,99.99,99.94,99.2,95.0,99.65,98.6,86.0,51.0,100.0,99.9,99.0,95.0
Sugarcane Bagasse,Bio-derived Material,54.52,190.59,4.24,4.62,72.24,52056,0.96,0.1,4.176e-05,9.66,5.02,9.29,5.12,Low,5.26,78.02,Fibrous residue from sugarcane.,Used for compostable plates and containers.,C(C1C(C(C(C(O1)O)O)O)O)O,monomer/repeat/fragment,Cellulose/pectin fragment from bagasse.,99.75,98.9,89.0,58.0,100.0,99.98,99.8,98.5,99.95,99.5,97.8,85.0,100.0,99.98,99.8,98.5,99.4,97.8,78.0,35.0,99.99,99.94,99.2,95.0,99.65,98.6,86.0,51.0,100.0,99.9,99.0,95.0
Pea Protein Film,Bio-derived Material,10.82,190.43,9.77,44.12,76.91,5844,1.32,0.24,6.772e-05,7.38,6.21,6.64,7.75,Low,6.8,75.25,Plant protein-based film.,Used for edible coatings and biodegradable packaging.,N[C@@H](CC1=CN=CN1)C(=O)O,monomer/repeat/fragment,Representative amino-acid/peptide fragment from legume proteins.,99.75,98.9,89.0,58.0,100.0,99.98,99.8,98.5,99.95,99.5,97.8,85.0,100.0,99.98,99.8,98.5,99.4,97.8,78.0,35.0,99.99,99.94,99.2,95.0,99.65,98.6,86.0,51.0,100.0,99.9,99.0,95.0
Recycled Paper Pulp,Eco-engineered Material,78.52,81.89,1.53,37.12,83.14,3560,1.42,0.26,3.803e-05,9.72,4.45,5.23,2.96,Medium,8.1,87.9,Reprocessed cellulose fibers.,Used for molded packaging and eco-friendly crafts.,C(C1C(C(C(C(O1)O)O)O)O)O,monomer/repeat/fragment,Cellulose fragment for recycled pulp.,99.8,99.0,90.0,62.0,100.0,99.98,99.7,98.0,99.96,99.6,98.2,90.0,100.0,99.98,99.7,98.0,99.55,98.4,85.0,54.0,99.99,99.94,99.3,95.0,99.7,98.9,88.0,56.0,100.0,99.9,99.1,95.0
Recycled Cardboard,Eco-engineered Material,96.45,74.46,8.42,48.09,84.51,70767,0.29,0.36,7.7e-05,5.62,7.75,3.35,7.31,Low,7.51,84.07,Compressed reused paper fibers.,Used for packaging and low-cost structures.,C(C1C(C(C(C(O1)O)O)O)O)O,monomer/repeat/fragment,Compressed cellulose fiber fragment.,99.8,99.0,90.0,62.0,100.0,99.98,99.7,98.0,99.96,99.6,98.2,90.0,100.0,99.98,99.7,98.0,99.55,98.4,85.0,54.0,99.99,99.94,99.3,95.0,99.7,98.9,88.0,56.0,100.0,99.9,99.1,95.0
Biodegradable Polyurethane,Eco-engineered Material,26.38,32.25,6.46,27.61,45.27,8811,0.77,0.38,8.639e-05,8.31,8.51,4.95,0.83,Medium,8.92,72.75,Eco-friendly variant of PU.,"Used for foams, coatings, and adhesives.",O=C(NCC)OCC,monomer/repeat/fragment,Representative urethane small-molecule fragment.,99.8,99.0,90.0,62.0,100.0,99.98,99.7,98.0,99.96,99.6,98.2,90.0,100.0,99.98,99.7,98.0,99.55,98.4,85.0,54.0,99.99,99.94,99.3,95.0,99.7,98.9,88.0,56.0,100.0,99.9,99.1,95.0
PLA-PHA Blend,Eco-engineered Material,19.38,46.31,5.54,42.4,24.42,76763,1.26,0.16,7.929e-05,8.27,7.01,3.04,5.48,Medium,9.5,82.29,Blend of two biopolymers for strength and flexibility.,Used in packaging and biodegradable films.,CC(C(=O)O)O,monomer/repeat/fragment,Blend represented by lactic/3-hydroxybutyrate monomer mix.,99.8,99.0,90.0,62.0,100.0,99.98,99.7,98.0,99.96,99.6,98.2,90.0,100.0,99.98,99.7,98.0,99.55,98.4,85.0,54.0,99.99,99.94,99.3,95.0,99.7,98.9,88.0,56.0,100.0,99.9,99.1,95.0
Thermoplastic Starch (TPS),Eco-engineered Material,69.08,63.47,3.43,15.55,54.33,35662,0.87,0.25,6.518e-05,7.17,4.09,5.94,2.8,Medium,8.12,81.71,Modified starch turned into thermoplastic.,Used for films and disposable items.,C(C1C(C(C(C(O1)O)O)O)O)O,monomer/repeat/fragment,Modified starch (glucose repeat fragment).,99.8,99.0,90.0,62.0,100.0,99.98,99.7,98.0,99.96,99.6,98.2,90.0,100.0,99.98,99.7,98.0,99.55,98.4,85.0,54.0,99.99,99.94,99.3,95.0,99.7,98.9,88.0,56.0,100.0,99.9,99.1,95.0
Natural Rubber,Eco-engineered Material,89.68,22.27,7.73,9.9,87.32,31402,0.98,0.39,9.762e-05,8.15,6.55,8.64,6.06,High,6.92,89.35,Elastic material from latex sap.,"Used for tires, gloves, and sealants.",CC(=C)C=C(C)C,monomer/repeat/fragment,Isoprene repeat unit (polyisoprene) representative fragment.,99.8,99.0,90.0,62.0,100.0,99.98,99.7,98.0,99.96,99.6,98.2,90.0,100.0,99.98,99.7,98.0,99.55,98.4,85.0,54.0,99.99,99.94,99.3,95.0,99.7,98.9,88.0,56.0,100.0,99.9,99.1,95.0
Recycled Cotton Blend,Eco-engineered Material,51.36,118.84,3.12,40.99,49.37,71015,0.62,0.22,7.487e-05,5.37,7.62,9.25,6.18,High,8.85,79.56,Repurposed cotton fibers blended for reuse.,Used in textiles and composites.,C(C1C(C(C(C(O1)O)O)O)O)O,monomer/repeat/fragment,Cellulose fragment representing cotton fibers.,99.8,99.0,90.0,62.0,100.0,99.98,99.7,98.0,99.96,99.6,98.2,90.0,100.0,99.98,99.7,98.0,99.55,98.4,85.0,54.0,99.99,99.94,99.3,95.0,99.7,98.9,88.0,56.0,100.0,99.9,99.1,95.0
Recycled Biopolyester,Eco-engineered Material,49.91,49.43,3.28,1.88,68.99,90910,1.43,0.09,6.967e-05,7.21,8.84,8.74,0.57,Medium,6.4,81.27,Eco polyester derived from waste bioplastics.,Used in fabrics and durable packaging.,O=C(OCC)C(=O)O,monomer/repeat/fragment,Representative small biopolyester fragment (diester).,99.8,99.0,90.0,62.0,100.0,99.98,99.7,98.0,99.96,99.6,98.2,90.0,100.0,99.98,99.7,98.0,99.55,98.4,85.0,54.0,99.99,99.94,99.3,95.0,99.7,98.9,88.0,56.0,100.0,99.9,99.1,95.0
Biodegradable Epoxy Resin,Eco-engineered Material,49.46,192.43,4.08,13.21,58.94,97951,0.99,0.06,8.41e-06,9.44,5.98,3.25,7.68,Low,5.78,77.97,Renewable resin alternative.,Used in coatings and bio-composites.,C1=CC(=CC=C1O)C(CO)O,monomer/repeat/fragment,Phenolic/epoxy-like small fragment representation.,99.8,99.0,90.0,62.0,100.0,99.98,99.7,98.0,99.96,99.6,98.2,90.0,100.0,99.98,99.7,98.0,99.55,98.4,85.0,54.0,99.99,99.94,99.3,95.0,99.7,98.9,88.0,56.0,100.0,99.9,99.1,95.0
Beeswax-Coated Fabric,Eco-engineered Material,61.98,198.68,4.88,19.33,70.55,49943,0.27,0.32,6.592e-05,6.57,7.55,9.79,9.43,Medium,7.51,62.21,Cotton fabric coated with beeswax.,Used for reusable food wraps and waterproof coverings.,CCCCCCCCCCCC(=O)O,monomer/repeat/fragment,Long-chain fatty acid ester representing beeswax components.,99.8,99.0,90.0,62.0,100.0,99.98,99.7,98.0,99.96,99.6,98.2,90.0,100.0,99.98,99.7,98.0,99.55,98.4,85.0,54.0,99.99,99.94,99.3,95.0,99.7,98.9,88.0,56.0,100.0,99.9,99.1,95.0
